GTIN,predicted,actual,best_params,mae
00012000000133,3.0802204367778154,1,"{'changepoint_prior_scale': 0.001, 'seasonality_prior_scale': 0.1}",2.0802204367778154
00012000000850,5.026864392371344,2,"{'changepoint_prior_scale': 0.01, 'seasonality_prior_scale': 0.1}",3.026864392371344
00012000001291,22.53189697998482,5,"{'changepoint_prior_scale': 0.05, 'seasonality_prior_scale': 0.1}",17.53189697998482
00012000001314,32.17164280822774,12,"{'changepoint_prior_scale': 0.05, 'seasonality_prior_scale': 1}",20.171642808227737
00012000001345,16.454863573184234,5,"{'changepoint_prior_scale': 0.01, 'seasonality_prior_scale': 0.1}",11.454863573184234
00012000001574,16.078190002012988,3,"{'changepoint_prior_scale': 0.05, 'seasonality_prior_scale': 0.1}",13.078190002012988
00012000001598,13.682643441467224,2,"{'changepoint_prior_scale': 0.05, 'seasonality_prior_scale': 1}",11.682643441467224
00012000001802,8.920649407099546,4,"{'changepoint_prior_scale': 0.01, 'seasonality_prior_scale': 0.1}",4.920649407099546
00012000002243,6.552684344299411,3,"{'changepoint_prior_scale': 0.01, 'seasonality_prior_scale': 0.1}",3.5526843442994114
00012000002304,2.856123275434305,1,"{'changepoint_prior_scale': 0.001, 'seasonality_prior_scale': 0.1}",1.8561232754343049
00012000002335,2.749544115389193,4,"{'changepoint_prior_scale': 0.05, 'seasonality_prior_scale': 1}",1.250455884610807
00012000002946,20.28378175757005,6,"{'changepoint_prior_scale': 0.01, 'seasonality_prior_scale': 1}",14.28378175757005
00012000002977,30.093648662887105,14,"{'changepoint_prior_scale': 0.01, 'seasonality_prior_scale': 0.1}",16.093648662887105
00012000003189,23.927560979660882,7,"{'changepoint_prior_scale': 0.001, 'seasonality_prior_scale': 0.1}",16.927560979660882
00012000003622,6.900427015977559,1,"{'changepoint_prior_scale': 0.01, 'seasonality_prior_scale': 0.1}",5.900427015977559
00012000004520,6.398582500638778,1,"{'changepoint_prior_scale': 0.05, 'seasonality_prior_scale': 1}",5.398582500638778
00012000005596,7.85097929477654,3,"{'changepoint_prior_scale': 0.001, 'seasonality_prior_scale': 1}",4.85097929477654
00012000006494,6.015922534540442,1,"{'changepoint_prior_scale': 0.001, 'seasonality_prior_scale': 0.1}",5.015922534540442
00012000008054,3.836844781132155,4,"{'changepoint_prior_scale': 0.01, 'seasonality_prior_scale': 1}",0.1631552188678449
00012000009907,0.29813789224921217,1,"{'changepoint_prior_scale': 0.001, 'seasonality_prior_scale': 0.1}",0.7018621077507878
00012000010361,13.234112534624915,7,"{'changepoint_prior_scale': 0.05, 'seasonality_prior_scale': 1}",6.234112534624915
00012000014055,2.6486145050101895,2,"{'changepoint_prior_scale': 0.001, 'seasonality_prior_scale': 1}",0.6486145050101895
00012000014208,1.176751473648764,1,"{'changepoint_prior_scale': 0.001, 'seasonality_prior_scale': 0.1}",0.1767514736487641
00012000016431,4.9740917088174905,2,"{'changepoint_prior_scale': 0.001, 'seasonality_prior_scale': 0.1}",2.9740917088174905
00012000016721,3.759526523981637,1,"{'changepoint_prior_scale': 0.05, 'seasonality_prior_scale': 0.1}",2.759526523981637
00012000018800,9.428608001820066,4,"{'changepoint_prior_scale': 0.01, 'seasonality_prior_scale': 1}",5.428608001820066
00012000021367,4.359651324584006,6,"{'changepoint_prior_scale': 0.01, 'seasonality_prior_scale': 0.1}",1.6403486754159937
00012000021381,2.523626516400248,1,"{'changepoint_prior_scale': 0.01, 'seasonality_prior_scale': 0.1}",1.523626516400248
00012000024528,2.511341412049781,1,"{'changepoint_prior_scale': 0.01, 'seasonality_prior_scale': 0.1}",1.5113414120497808
00012000027215,22.799800938132268,8,"{'changepoint_prior_scale': 0.01, 'seasonality_prior_scale': 1}",14.799800938132268
00012000028458,2.600932870306901,4,"{'changepoint_prior_scale': 0.05, 'seasonality_prior_scale': 1}",1.399067129693099
00012000028472,3.4438063358480133,3,"{'changepoint_prior_scale': 0.001, 'seasonality_prior_scale': 0.1}",0.4438063358480133
00012000028496,5.76160372088769,2,"{'changepoint_prior_scale': 0.001, 'seasonality_prior_scale': 0.1}",3.76160372088769
00012000028625,11.325911492427714,4,"{'changepoint_prior_scale': 0.05, 'seasonality_prior_scale': 0.1}",7.325911492427714
00012000030284,5.81704916874587,2,"{'changepoint_prior_scale': 0.001, 'seasonality_prior_scale': 1}",3.8170491687458696
00012000031878,4.815163388527861,2,"{'changepoint_prior_scale': 0.01, 'seasonality_prior_scale': 1}",2.8151633885278606
00012000038488,2.352899971488343,1,"{'changepoint_prior_scale': 0.001, 'seasonality_prior_scale': 1}",1.352899971488343
00012000043000,3.3140882102185243,2,"{'changepoint_prior_scale': 0.01, 'seasonality_prior_scale': 1}",1.3140882102185243
00012000071744,4.873381535934888,5,"{'changepoint_prior_scale': 0.01, 'seasonality_prior_scale': 1}",0.12661846406511224
00012000071751,3.437440378610134,1,"{'changepoint_prior_scale': 0.001, 'seasonality_prior_scale': 0.1}",2.437440378610134
00012000101908,1.9562525346772868,1,"{'changepoint_prior_scale': 0.05, 'seasonality_prior_scale': 1}",0.9562525346772868
00012000110344,0.0,1,,
00012000110443,14.64185179313833,12,"{'changepoint_prior_scale': 0.01, 'seasonality_prior_scale': 0.1}",2.641851793138329
00012000110467,7.44217228498645,2,"{'changepoint_prior_scale': 0.01, 'seasonality_prior_scale': 0.1}",5.44217228498645
00012000130274,18.052384127786514,1,"{'changepoint_prior_scale': 0.001, 'seasonality_prior_scale': 1}",17.052384127786514
00012000140709,3.645507850543993,2,"{'changepoint_prior_scale': 0.001, 'seasonality_prior_scale': 1}",1.6455078505439928
00012000151095,2.0738828754551655,1,"{'changepoint_prior_scale': 0.001, 'seasonality_prior_scale': 1}",1.0738828754551655
00012000160103,0.0,3,,
00012000161155,5.847363080009577,3,"{'changepoint_prior_scale': 0.001, 'seasonality_prior_scale': 0.1}",2.8473630800095773
00012000161162,6.90305918736152,1,"{'changepoint_prior_scale': 0.01, 'seasonality_prior_scale': 1}",5.90305918736152
00012000161230,3.830910793823593,1,"{'changepoint_prior_scale': 0.001, 'seasonality_prior_scale': 1}",2.830910793823593
00012000161476,1.5239272672083481,1,"{'changepoint_prior_scale': 0.001, 'seasonality_prior_scale': 0.1}",0.5239272672083481
00012000170751,11.929293954458926,15,"{'changepoint_prior_scale': 0.01, 'seasonality_prior_scale': 1}",3.0707060455410744
00012000171635,1.7426852762587342,1,"{'changepoint_prior_scale': 0.05, 'seasonality_prior_scale': 0.1}",0.7426852762587342
00012000171741,15.183717324328322,6,"{'changepoint_prior_scale': 0.05, 'seasonality_prior_scale': 1}",9.183717324328322
00012000171758,22.268175722871515,1,"{'changepoint_prior_scale': 0.01, 'seasonality_prior_scale': 1}",21.268175722871515
00012000171864,1.1359886789803166,1,"{'changepoint_prior_scale': 0.05, 'seasonality_prior_scale': 1}",0.13598867898031664
00012000172380,5.469059320937242,3,"{'changepoint_prior_scale': 0.001, 'seasonality_prior_scale': 0.1}",2.469059320937242
00012000180323,19.0323798566,11,"{'changepoint_prior_scale': 0.001, 'seasonality_prior_scale': 0.1}",8.032379856599999
00012000181290,12.975858758541468,6,"{'changepoint_prior_scale': 0.05, 'seasonality_prior_scale': 1}",6.975858758541468
00012000181313,1.9360584030226962,1,"{'changepoint_prior_scale': 0.001, 'seasonality_prior_scale': 0.1}",0.9360584030226962
00012000181337,2.2929557052173224,1,"{'changepoint_prior_scale': 0.001, 'seasonality_prior_scale': 0.1}",1.2929557052173224
00012000181832,3.9407615943231993,4,"{'changepoint_prior_scale': 0.05, 'seasonality_prior_scale': 1}",0.05923840567680072
00012000183386,9.002215289928746,3,"{'changepoint_prior_scale': 0.001, 'seasonality_prior_scale': 0.1}",6.0022152899287455
00012000183751,2.213353647306712,2,"{'changepoint_prior_scale': 0.05, 'seasonality_prior_scale': 0.1}",0.2133536473067119
00012000184208,9.735873305401109,6,"{'changepoint_prior_scale': 0.05, 'seasonality_prior_scale': 0.1}",3.7358733054011086
00012000190865,0.6110858687766105,1,"{'changepoint_prior_scale': 0.001, 'seasonality_prior_scale': 0.1}",0.38891413122338947
00012000190872,1.4919564045686418,2,"{'changepoint_prior_scale': 0.05, 'seasonality_prior_scale': 0.1}",0.5080435954313582
00012000190889,2.950555440131739,1,"{'changepoint_prior_scale': 0.01, 'seasonality_prior_scale': 0.1}",1.950555440131739
00012000190896,1.2018498723682554,2,"{'changepoint_prior_scale': 0.05, 'seasonality_prior_scale': 0.1}",0.7981501276317446
00012000191435,5.9468763071821265,2,"{'changepoint_prior_scale': 0.01, 'seasonality_prior_scale': 0.1}",3.9468763071821265
00012000192760,2.007199186084615,1,"{'changepoint_prior_scale': 0.001, 'seasonality_prior_scale': 0.1}",1.0071991860846148
00012000192838,10.857915658881435,4,"{'changepoint_prior_scale': 0.01, 'seasonality_prior_scale': 0.1}",6.857915658881435
00012000192906,2.090566187785936,1,"{'changepoint_prior_scale': 0.001, 'seasonality_prior_scale': 1}",1.090566187785936
00012000193811,2.4732761435339623,1,"{'changepoint_prior_scale': 0.01, 'seasonality_prior_scale': 0.1}",1.4732761435339623
00012000202384,2.799872456979121,2,"{'changepoint_prior_scale': 0.01, 'seasonality_prior_scale': 0.1}",0.7998724569791209
00012000203978,0.0,3,,
00012000204807,1.2221290793788082,1,"{'changepoint_prior_scale': 0.01, 'seasonality_prior_scale': 1}",0.22212907937880821
00012000204951,3.4375519651191797,2,"{'changepoint_prior_scale': 0.05, 'seasonality_prior_scale': 0.1}",1.4375519651191797
00012000205057,3.965898412120847,4,"{'changepoint_prior_scale': 0.01, 'seasonality_prior_scale': 0.1}",0.03410158787915307
00012000206290,5.427471233852331,1,"{'changepoint_prior_scale': 0.001, 'seasonality_prior_scale': 1}",4.427471233852331
00012000206320,6.071404863790576,1,"{'changepoint_prior_scale': 0.05, 'seasonality_prior_scale': 0.1}",5.071404863790576
00012000206351,0.9705979645308654,2,"{'changepoint_prior_scale': 0.001, 'seasonality_prior_scale': 1}",1.0294020354691344
00012000206382,5.634235679643735,2,"{'changepoint_prior_scale': 0.05, 'seasonality_prior_scale': 0.1}",3.6342356796437354
00012000206443,4.011703832712978,1,"{'changepoint_prior_scale': 0.01, 'seasonality_prior_scale': 0.1}",3.0117038327129784
00012000207198,1.7748502322430042,1,"{'changepoint_prior_scale': 0.001, 'seasonality_prior_scale': 0.1}",0.7748502322430042
00012000207242,0.0,4,,
00012000210068,5.364837965068172,4,"{'changepoint_prior_scale': 0.01, 'seasonality_prior_scale': 0.1}",1.3648379650681717
00012000210655,2.8715457760471574,2,"{'changepoint_prior_scale': 0.01, 'seasonality_prior_scale': 0.1}",0.8715457760471574
00012000211980,3.4140985474948278,2,"{'changepoint_prior_scale': 0.01, 'seasonality_prior_scale': 0.1}",1.4140985474948278
00012000211997,5.521248622636559,2,"{'changepoint_prior_scale': 0.01, 'seasonality_prior_scale': 1}",3.521248622636559
00012000212062,0.0,8,,
00012000212529,3.190321540732973,6,"{'changepoint_prior_scale': 0.001, 'seasonality_prior_scale': 1}",2.809678459267027
00012000213465,2.9580269321519896,3,"{'changepoint_prior_scale': 0.001, 'seasonality_prior_scale': 1}",0.04197306784801036
00012000213519,3.0638078381647738,1,"{'changepoint_prior_scale': 0.001, 'seasonality_prior_scale': 0.1}",2.0638078381647738
00012000220296,-3.9611322093562418,1,"{'changepoint_prior_scale': 0.05, 'seasonality_prior_scale': 0.1}",4.961132209356242
00012000220920,4.093448831197519,3,"{'changepoint_prior_scale': 0.05, 'seasonality_prior_scale': 1}",1.0934488311975192
00012000221415,3.020578685541472,2,"{'changepoint_prior_scale': 0.001, 'seasonality_prior_scale': 1}",1.020578685541472
00012000221767,2.13520282244209,1,"{'changepoint_prior_scale': 0.001, 'seasonality_prior_scale': 1}",1.13520282244209
00012000221866,6.831056227559285,3,"{'changepoint_prior_scale': 0.001, 'seasonality_prior_scale': 0.1}",3.8310562275592854
00012000222061,6.110260915403765,1,"{'changepoint_prior_scale': 0.001, 'seasonality_prior_scale': 0.1}",5.110260915403765
00012000223037,5.683215202820325,15,"{'changepoint_prior_scale': 0.001, 'seasonality_prior_scale': 1}",9.316784797179675
00012000223051,-0.300370475169375,2,"{'changepoint_prior_scale': 0.05, 'seasonality_prior_scale': 0.1}",2.300370475169375
00012000223303,12.577865879135121,51,"{'changepoint_prior_scale': 0.01, 'seasonality_prior_scale': 1}",38.42213412086488
00012000223341,17.244269940150343,3,"{'changepoint_prior_scale': 0.001, 'seasonality_prior_scale': 0.1}",14.244269940150343
00012000230004,14.512827649128548,7,"{'changepoint_prior_scale': 0.05, 'seasonality_prior_scale': 0.1}",7.512827649128548
00012000286193,6.958998939081058,5,"{'changepoint_prior_scale': 0.01, 'seasonality_prior_scale': 1}",1.9589989390810576
00012000286209,7.894665700938964,2,"{'changepoint_prior_scale': 0.01, 'seasonality_prior_scale': 0.1}",5.894665700938964
00012000286223,3.1166904655999326,1,"{'changepoint_prior_scale': 0.05, 'seasonality_prior_scale': 0.1}",2.1166904655999326
00012000418969,9.356486115500203,3,"{'changepoint_prior_scale': 0.01, 'seasonality_prior_scale': 0.1}",6.3564861155002035
00012000504044,0.6587278625432913,1,"{'changepoint_prior_scale': 0.05, 'seasonality_prior_scale': 0.1}",0.3412721374567087
00012000567490,2.2642577851194248,1,"{'changepoint_prior_scale': 0.05, 'seasonality_prior_scale': 1}",1.2642577851194248
00012000684524,1.8849330393412664,1,"{'changepoint_prior_scale': 0.01, 'seasonality_prior_scale': 1}",0.8849330393412664
00012000713002,76.83600288676851,20,"{'changepoint_prior_scale': 0.001, 'seasonality_prior_scale': 1}",56.83600288676851
00012000809941,2.8447823877548593,2,"{'changepoint_prior_scale': 0.01, 'seasonality_prior_scale': 0.1}",0.8447823877548593
00012000809965,6.606031142888664,1,"{'changepoint_prior_scale': 0.01, 'seasonality_prior_scale': 0.1}",5.606031142888664
00012000809972,0.9400790992821719,2,"{'changepoint_prior_scale': 0.01, 'seasonality_prior_scale': 0.1}",1.059920900717828
00012000811319,7.64651111801391,1,"{'changepoint_prior_scale': 0.01, 'seasonality_prior_scale': 0.1}",6.64651111801391
00012000813313,4.977726322508172,4,"{'changepoint_prior_scale': 0.01, 'seasonality_prior_scale': 0.1}",0.9777263225081718
00014800003604,3.1088674555932543,2,"{'changepoint_prior_scale': 0.01, 'seasonality_prior_scale': 1}",1.1088674555932543
00014800513240,3.1521859578254112,1,"{'changepoint_prior_scale': 0.05, 'seasonality_prior_scale': 0.1}",2.1521859578254112
00014800516470,0.0,2,,
00016571953843,1.2252382352404951,1,"{'changepoint_prior_scale': 0.001, 'seasonality_prior_scale': 0.1}",0.22523823524049513
00016571953867,7.682365977701444e-06,2,"{'changepoint_prior_scale': 0.01, 'seasonality_prior_scale': 0.1}",1.9999923176340224
00025000000188,1.458988769581673,1,"{'changepoint_prior_scale': 0.001, 'seasonality_prior_scale': 1}",0.458988769581673
00025000000218,1.776448054394586,2,"{'changepoint_prior_scale': 0.01, 'seasonality_prior_scale': 1}",0.22355194560541403
00025000000249,2.3192137462769855,3,"{'changepoint_prior_scale': 0.05, 'seasonality_prior_scale': 1}",0.6807862537230145
00025000000294,1.2161930697881929,1,"{'changepoint_prior_scale': 0.001, 'seasonality_prior_scale': 1}",0.21619306978819286
00025000000300,2.389983030528279,3,"{'changepoint_prior_scale': 0.001, 'seasonality_prior_scale': 1}",0.610016969471721
00025000044984,1.2521889999794809,2,"{'changepoint_prior_scale': 0.01, 'seasonality_prior_scale': 0.1}",0.7478110000205191
00025000052002,2.3972471257860573,3,"{'changepoint_prior_scale': 0.001, 'seasonality_prior_scale': 1}",0.6027528742139427
00025000052224,1.5314364522637762,1,"{'changepoint_prior_scale': 0.001, 'seasonality_prior_scale': 1}",0.5314364522637762
00025000058011,4.423413904239045,1,"{'changepoint_prior_scale': 0.001, 'seasonality_prior_scale': 0.1}",3.4234139042390446
00025000061516,4.4672645700073215,1,"{'changepoint_prior_scale': 0.01, 'seasonality_prior_scale': 0.1}",3.4672645700073215
00025000061530,2.815687952320008,1,"{'changepoint_prior_scale': 0.001, 'seasonality_prior_scale': 1}",1.8156879523200078
00025000119996,1.9093267116216264,3,"{'changepoint_prior_scale': 0.001, 'seasonality_prior_scale': 1}",1.0906732883783736
00025000131363,5.062393712556307,1,"{'changepoint_prior_scale': 0.001, 'seasonality_prior_scale': 0.1}",4.062393712556307
00025000131387,3.7375929466762416,1,"{'changepoint_prior_scale': 0.001, 'seasonality_prior_scale': 1}",2.7375929466762416
00025713919609,1.2076242396719499,1,"{'changepoint_prior_scale': 0.001, 'seasonality_prior_scale': 0.1}",0.20762423967194987
00025713919807,3.308479841413508,1,"{'changepoint_prior_scale': 0.05, 'seasonality_prior_scale': 0.1}",2.308479841413508
00025713921206,3.7591740889028324,2,"{'changepoint_prior_scale': 0.01, 'seasonality_prior_scale': 0.1}",1.7591740889028324
00025713921701,3.9753158748002244,6,"{'changepoint_prior_scale': 0.001, 'seasonality_prior_scale': 1}",2.0246841251997756
00025713921909,3.257736613478113,1,"{'changepoint_prior_scale': 0.05, 'seasonality_prior_scale': 0.1}",2.257736613478113
00028435399216,5.20766447238353,3,"{'changepoint_prior_scale': 0.05, 'seasonality_prior_scale': 0.1}",2.20766447238353
00028435399230,14.631034347740428,2,"{'changepoint_prior_scale': 0.05, 'seasonality_prior_scale': 0.1}",12.631034347740428
00028435399490,7.253702231479624,2,"{'changepoint_prior_scale': 0.001, 'seasonality_prior_scale': 0.1}",5.253702231479624
00028435399780,7.827691745195894,7,"{'changepoint_prior_scale': 0.01, 'seasonality_prior_scale': 0.1}",0.8276917451958941
00028435600282,12.574426015258371,3,"{'changepoint_prior_scale': 0.001, 'seasonality_prior_scale': 0.1}",9.574426015258371
00043000952719,6.092825277406529,2,"{'changepoint_prior_scale': 0.05, 'seasonality_prior_scale': 0.1}",4.092825277406529
00043000996072,8.751343033054743,1,"{'changepoint_prior_scale': 0.01, 'seasonality_prior_scale': 0.1}",7.751343033054743
00049000000443,14.814533997449406,13,"{'changepoint_prior_scale': 0.001, 'seasonality_prior_scale': 1}",1.8145339974494057
00049000000450,12.275878016160565,13,"{'changepoint_prior_scale': 0.01, 'seasonality_prior_scale': 1}",0.724121983839435
00049000001327,2.670727626789594,1,"{'changepoint_prior_scale': 0.05, 'seasonality_prior_scale': 0.1}",1.6707276267895939
00049000001822,6.737262563269222,1,"{'changepoint_prior_scale': 0.05, 'seasonality_prior_scale': 0.1}",5.737262563269222
00049000004632,5.811046970345698,2,"{'changepoint_prior_scale': 0.01, 'seasonality_prior_scale': 0.1}",3.811046970345698
00049000005226,6.0334513318713325,1,"{'changepoint_prior_scale': 0.01, 'seasonality_prior_scale': 0.1}",5.0334513318713325
00049000005240,2.639217593811942,1,"{'changepoint_prior_scale': 0.01, 'seasonality_prior_scale': 0.1}",1.6392175938119422
00049000006346,2.978917034409146,1,"{'changepoint_prior_scale': 0.001, 'seasonality_prior_scale': 0.1}",1.9789170344091458
00049000006582,5.931256073042507,1,"{'changepoint_prior_scale': 0.001, 'seasonality_prior_scale': 1}",4.931256073042507
00049000007640,5.37399998555686,2,"{'changepoint_prior_scale': 0.001, 'seasonality_prior_scale': 0.1}",3.3739999855568596
00049000009774,9.655745693105914,1,"{'changepoint_prior_scale': 0.001, 'seasonality_prior_scale': 0.1}",8.655745693105914
00049000018011,4.120919282553433,2,"{'changepoint_prior_scale': 0.01, 'seasonality_prior_scale': 0.1}",2.120919282553433
00049000018066,6.9888212889361885,1,"{'changepoint_prior_scale': 0.05, 'seasonality_prior_scale': 1}",5.9888212889361885
00049000019162,3.5356206796977974,1,"{'changepoint_prior_scale': 0.01, 'seasonality_prior_scale': 0.1}",2.5356206796977974
00049000022537,2.137592540804267,2,"{'changepoint_prior_scale': 0.001, 'seasonality_prior_scale': 1}",0.13759254080426686
00049000023190,4.538836133553986,2,"{'changepoint_prior_scale': 0.01, 'seasonality_prior_scale': 0.1}",2.5388361335539864
00049000023923,2.849155084840585,2,"{'changepoint_prior_scale': 0.001, 'seasonality_prior_scale': 1}",0.8491550848405849
00049000024685,0.0,9,,
00049000026207,5.300882812851792,1,"{'changepoint_prior_scale': 0.001, 'seasonality_prior_scale': 0.1}",4.300882812851792
00049000026566,10.205655474097062,2,"{'changepoint_prior_scale': 0.001, 'seasonality_prior_scale': 0.1}",8.205655474097062
00049000028201,4.0026829740275325,2,"{'changepoint_prior_scale': 0.01, 'seasonality_prior_scale': 0.1}",2.0026829740275325
00049000028904,2.4778665182288098,1,"{'changepoint_prior_scale': 0.01, 'seasonality_prior_scale': 1}",1.4778665182288098
00049000028911,1.2671972459075382,1,"{'changepoint_prior_scale': 0.05, 'seasonality_prior_scale': 1}",0.26719724590753824
00049000028928,1.3471764625442337,1,"{'changepoint_prior_scale': 0.001, 'seasonality_prior_scale': 1}",0.34717646254423373
00049000030730,1.87794507193167,1,"{'changepoint_prior_scale': 0.05, 'seasonality_prior_scale': 1}",0.8779450719316699
00049000031171,3.093855416547176,1,"{'changepoint_prior_scale': 0.001, 'seasonality_prior_scale': 1}",2.093855416547176
00049000031324,2.3376510853551777,2,"{'changepoint_prior_scale': 0.001, 'seasonality_prior_scale': 0.1}",0.33765108535517774
00049000037197,4.124989521182561,1,"{'changepoint_prior_scale': 0.05, 'seasonality_prior_scale': 0.1}",3.1249895211825613
00049000040869,5.451811025639003,1,"{'changepoint_prior_scale': 0.05, 'seasonality_prior_scale': 0.1}",4.451811025639003
00049000041439,4.533050892693717,3,"{'changepoint_prior_scale': 0.05, 'seasonality_prior_scale': 1}",1.5330508926937174
00049000044362,2.688459844701429,2,"{'changepoint_prior_scale': 0.001, 'seasonality_prior_scale': 1}",0.6884598447014292
00049000047547,2.3254255781467585,1,"{'changepoint_prior_scale': 0.001, 'seasonality_prior_scale': 0.1}",1.3254255781467585
00049000047844,2.7182753467780154,1,"{'changepoint_prior_scale': 0.01, 'seasonality_prior_scale': 0.1}",1.7182753467780154
00049000050103,3.2684373432808425,4,"{'changepoint_prior_scale': 0.05, 'seasonality_prior_scale': 1}",0.7315626567191575
00049000050158,1.977458778789329,2,"{'changepoint_prior_scale': 0.001, 'seasonality_prior_scale': 1}",0.022541221210671036
00049000053418,6.379925566001722,4,"{'changepoint_prior_scale': 0.01, 'seasonality_prior_scale': 0.1}",2.379925566001722
00049000053425,8.3448146995342,1,"{'changepoint_prior_scale': 0.01, 'seasonality_prior_scale': 0.1}",7.344814699534201
00049000053432,3.322589253774946,3,"{'changepoint_prior_scale': 0.001, 'seasonality_prior_scale': 1}",0.3225892537749462
00049000053746,2.788584801606224,2,"{'changepoint_prior_scale': 0.05, 'seasonality_prior_scale': 0.1}",0.7885848016062238
00049000060423,3.4440804463436034,2,"{'changepoint_prior_scale': 0.01, 'seasonality_prior_scale': 0.1}",1.4440804463436034
00049000067927,2.224370585054518,1,"{'changepoint_prior_scale': 0.001, 'seasonality_prior_scale': 0.1}",1.2243705850545181
00049000067934,2.628796568710322,3,"{'changepoint_prior_scale': 0.01, 'seasonality_prior_scale': 1}",0.37120343128967814
00049000070422,6.985527566737246,1,"{'changepoint_prior_scale': 0.001, 'seasonality_prior_scale': 0.1}",5.985527566737246
00049000070439,4.551466873080351,4,"{'changepoint_prior_scale': 0.001, 'seasonality_prior_scale': 0.1}",0.5514668730803507
00049000070484,5.76603413036244,2,"{'changepoint_prior_scale': 0.001, 'seasonality_prior_scale': 1}",3.7660341303624403
00049000070507,5.922139674663763,2,"{'changepoint_prior_scale': 0.001, 'seasonality_prior_scale': 1}",3.9221396746637627
00049000078725,1.2202022673508575,2,"{'changepoint_prior_scale': 0.001, 'seasonality_prior_scale': 0.1}",0.7797977326491425
00049000079319,5.2962999873884415,2,"{'changepoint_prior_scale': 0.001, 'seasonality_prior_scale': 1}",3.2962999873884415
00049000079326,6.381385077940263,7,"{'changepoint_prior_scale': 0.001, 'seasonality_prior_scale': 0.1}",0.618614922059737
00049000079333,1.9373920486322858,1,"{'changepoint_prior_scale': 0.001, 'seasonality_prior_scale': 1}",0.9373920486322858
00049000079340,1.755126959085912,1,"{'changepoint_prior_scale': 0.001, 'seasonality_prior_scale': 0.1}",0.755126959085912
00049000079357,7.689969756625451,4,"{'changepoint_prior_scale': 0.001, 'seasonality_prior_scale': 1}",3.689969756625451
00049000079364,3.938584626388345,2,"{'changepoint_prior_scale': 0.01, 'seasonality_prior_scale': 0.1}",1.9385846263883448
00049000079371,4.0307341226595925,1,"{'changepoint_prior_scale': 0.001, 'seasonality_prior_scale': 1}",3.0307341226595925
00049000079388,3.912530322928305,1,"{'changepoint_prior_scale': 0.001, 'seasonality_prior_scale': 0.1}",2.912530322928305
00049000079395,7.247976345837886,2,"{'changepoint_prior_scale': 0.001, 'seasonality_prior_scale': 0.1}",5.247976345837886
00049000079401,4.134267392540607,3,"{'changepoint_prior_scale': 0.01, 'seasonality_prior_scale': 0.1}",1.1342673925406066
00049000079418,5.329212970097149,1,"{'changepoint_prior_scale': 0.05, 'seasonality_prior_scale': 0.1}",4.329212970097149
00049000079425,4.323911150177773,3,"{'changepoint_prior_scale': 0.001, 'seasonality_prior_scale': 0.1}",1.3239111501777732
00049000079562,5.147443179714067,1,"{'changepoint_prior_scale': 0.01, 'seasonality_prior_scale': 0.1}",4.147443179714067
00049000081169,5.515848997393854,1,"{'changepoint_prior_scale': 0.05, 'seasonality_prior_scale': 0.1}",4.515848997393854
00049000081312,0.9465956598812304,2,"{'changepoint_prior_scale': 0.001, 'seasonality_prior_scale': 0.1}",1.0534043401187696
00049000530735,1.6017333497133892,1,"{'changepoint_prior_scale': 0.001, 'seasonality_prior_scale': 0.1}",0.6017333497133892
00049000530759,-0.9999947511764291,1,"{'changepoint_prior_scale': 0.01, 'seasonality_prior_scale': 1}",1.999994751176429
00049000543698,1.7550846227098342,1,"{'changepoint_prior_scale': 0.05, 'seasonality_prior_scale': 0.1}",0.7550846227098342
00049000543711,1.0,1,"{'changepoint_prior_scale': 0.001, 'seasonality_prior_scale': 0.1}",0.0
00049000550825,8.820035999938616,1,"{'changepoint_prior_scale': 0.001, 'seasonality_prior_scale': 0.1}",7.820035999938616
00049000551013,0.4956775837814449,2,"{'changepoint_prior_scale': 0.001, 'seasonality_prior_scale': 0.1}",1.5043224162185551
00049000551037,0.0,1,,
00049000552072,1.4005308167894128,2,"{'changepoint_prior_scale': 0.001, 'seasonality_prior_scale': 1}",0.5994691832105872
00051000002853,0.0,1,,
00051000012920,9.369263708086162,11,"{'changepoint_prior_scale': 0.001, 'seasonality_prior_scale': 1}",1.6307362919138377
00051000042859,1.7193757334988318,2,"{'changepoint_prior_scale': 0.05, 'seasonality_prior_scale': 0.1}",0.28062426650116823
00051000138019,4.846127404064637,1,"{'changepoint_prior_scale': 0.05, 'seasonality_prior_scale': 0.1}",3.846127404064637
00051000138033,7.9437456965019475,3,"{'changepoint_prior_scale': 0.001, 'seasonality_prior_scale': 0.1}",4.9437456965019475
00051000146533,2.777848396364205,1,"{'changepoint_prior_scale': 0.05, 'seasonality_prior_scale': 0.1}",1.777848396364205
00051000146540,1.6215407963365756,1,"{'changepoint_prior_scale': 0.001, 'seasonality_prior_scale': 1}",0.6215407963365756
00051000146557,1.00000001890445,1,"{'changepoint_prior_scale': 0.01, 'seasonality_prior_scale': 0.1}",1.890445000540808e-08
00051000196200,1.174569275175006,2,"{'changepoint_prior_scale': 0.05, 'seasonality_prior_scale': 0.1}",0.8254307248249939
00051000196217,1.5127660790530197,1,"{'changepoint_prior_scale': 0.001, 'seasonality_prior_scale': 1}",0.5127660790530197
00052000010282,5.053383331241022,2,"{'changepoint_prior_scale': 0.01, 'seasonality_prior_scale': 0.1}",3.0533833312410223
00052000010299,5.113934254442523,3,"{'changepoint_prior_scale': 0.01, 'seasonality_prior_scale': 0.1}",2.1139342544425226
00052000041538,4.582126439235235,1,"{'changepoint_prior_scale': 0.001, 'seasonality_prior_scale': 0.1}",3.5821264392352354
00052000042313,2.5690118314004105,2,"{'changepoint_prior_scale': 0.01, 'seasonality_prior_scale': 0.1}",0.5690118314004105
00052000042320,3.810450533696256,2,"{'changepoint_prior_scale': 0.01, 'seasonality_prior_scale': 0.1}",1.810450533696256
00052000042337,1.340162110184523,1,"{'changepoint_prior_scale': 0.001, 'seasonality_prior_scale': 0.1}",0.3401621101845229
00052000042344,6.713080878244041,1,"{'changepoint_prior_scale': 0.001, 'seasonality_prior_scale': 0.1}",5.713080878244041
00052000043143,3.1403135476634416,3,"{'changepoint_prior_scale': 0.001, 'seasonality_prior_scale': 1}",0.14031354766344162
00052000043273,2.2092052990731084,1,"{'changepoint_prior_scale': 0.01, 'seasonality_prior_scale': 1}",1.2092052990731084
00052000043280,4.006984304712013,1,"{'changepoint_prior_scale': 0.05, 'seasonality_prior_scale': 0.1}",3.006984304712013
00052000043549,0.0,13,,
00052000047042,3.6379369065282416,1,"{'changepoint_prior_scale': 0.001, 'seasonality_prior_scale': 0.1}",2.6379369065282416
00052000047493,6.546014553418951,2,"{'changepoint_prior_scale': 0.001, 'seasonality_prior_scale': 0.1}",4.546014553418951
00052000047905,3.9081661387636926,1,"{'changepoint_prior_scale': 0.001, 'seasonality_prior_scale': 1}",2.9081661387636926
00052000047912,3.612247180553112,1,"{'changepoint_prior_scale': 0.01, 'seasonality_prior_scale': 0.1}",2.612247180553112
00052000049008,3.828234951803947,4,"{'changepoint_prior_scale': 0.001, 'seasonality_prior_scale': 0.1}",0.1717650481960531
00052000050288,3.664043695142132,3,"{'changepoint_prior_scale': 0.01, 'seasonality_prior_scale': 0.1}",0.6640436951421318
00052000050820,3.4227603194095506,3,"{'changepoint_prior_scale': 0.01, 'seasonality_prior_scale': 1}",0.4227603194095506
00052000051179,1.883168660800356,1,"{'changepoint_prior_scale': 0.01, 'seasonality_prior_scale': 0.1}",0.8831686608003559
00052000051544,1.9999979749725605,1,"{'changepoint_prior_scale': 0.05, 'seasonality_prior_scale': 0.1}",0.9999979749725605
00052000051551,0.0,1,,
00052000051599,4.403515740485916,1,"{'changepoint_prior_scale': 0.001, 'seasonality_prior_scale': 1}",3.4035157404859158
00052000051605,1.946531019782701,1,"{'changepoint_prior_scale': 0.01, 'seasonality_prior_scale': 0.1}",0.946531019782701
00052000051629,2.0137499071558658,2,"{'changepoint_prior_scale': 0.05, 'seasonality_prior_scale': 0.1}",0.01374990715586577
00052000052855,4.260956280747296,2,"{'changepoint_prior_scale': 0.05, 'seasonality_prior_scale': 0.1}",2.260956280747296
00052000052862,3.045517885632093,1,"{'changepoint_prior_scale': 0.001, 'seasonality_prior_scale': 1}",2.045517885632093
00052000052879,3.02311738854622,1,"{'changepoint_prior_scale': 0.001, 'seasonality_prior_scale': 0.1}",2.02311738854622
00052000053036,1.9899590418573094,1,"{'changepoint_prior_scale': 0.001, 'seasonality_prior_scale': 0.1}",0.9899590418573094
00052000102413,7.784933731401146,1,"{'changepoint_prior_scale': 0.01, 'seasonality_prior_scale': 0.1}",6.784933731401146
00052000102475,2.096457512876191,2,"{'changepoint_prior_scale': 0.01, 'seasonality_prior_scale': 0.1}",0.09645751287619087
00052000103670,4.575944866223581,1,"{'changepoint_prior_scale': 0.05, 'seasonality_prior_scale': 1}",3.5759448662235807
00052000104103,4.806733152818228,3,"{'changepoint_prior_scale': 0.01, 'seasonality_prior_scale': 0.1}",1.8067331528182278
00052000104110,7.37317718614777,4,"{'changepoint_prior_scale': 0.05, 'seasonality_prior_scale': 1}",3.37317718614777
00052000135084,5.027396773240038,1,"{'changepoint_prior_scale': 0.001, 'seasonality_prior_scale': 0.1}",4.027396773240038
00052000135138,6.4298575321843625,3,"{'changepoint_prior_scale': 0.05, 'seasonality_prior_scale': 0.1}",3.4298575321843625
00052000135145,5.013106548785423,1,"{'changepoint_prior_scale': 0.01, 'seasonality_prior_scale': 0.1}",4.013106548785423
00052000135152,4.94724438768424,2,"{'changepoint_prior_scale': 0.05, 'seasonality_prior_scale': 1}",2.94724438768424
00052000135169,6.039338052509329,2,"{'changepoint_prior_scale': 0.01, 'seasonality_prior_scale': 1}",4.039338052509329
00052000135176,11.757758374174337,3,"{'changepoint_prior_scale': 0.01, 'seasonality_prior_scale': 0.1}",8.757758374174337
00052000135190,7.264559797650689,4,"{'changepoint_prior_scale': 0.05, 'seasonality_prior_scale': 1}",3.264559797650689
00052000135220,4.613615776606789,1,"{'changepoint_prior_scale': 0.001, 'seasonality_prior_scale': 0.1}",3.613615776606789
00052000135282,4.482663607514387,3,"{'changepoint_prior_scale': 0.05, 'seasonality_prior_scale': 0.1}",1.4826636075143869
00052000241204,5.317331535427608,1,"{'changepoint_prior_scale': 0.05, 'seasonality_prior_scale': 0.1}",4.317331535427608
00052000241211,4.745305298482176,3,"{'changepoint_prior_scale': 0.05, 'seasonality_prior_scale': 1}",1.745305298482176
00052000241235,8.706292094759679,8,"{'changepoint_prior_scale': 0.001, 'seasonality_prior_scale': 0.1}",0.7062920947596787
00052000324815,3.0301359231401745,1,"{'changepoint_prior_scale': 0.001, 'seasonality_prior_scale': 1}",2.0301359231401745
00052000324860,1.2749479604031664,1,"{'changepoint_prior_scale': 0.05, 'seasonality_prior_scale': 0.1}",0.2749479604031664
00052000328660,2.3329792014824084,1,"{'changepoint_prior_scale': 0.001, 'seasonality_prior_scale': 1}",1.3329792014824084
00052000328677,1.9709778755307112,2,"{'changepoint_prior_scale': 0.001, 'seasonality_prior_scale': 1}",0.029022124469288757
00052000328684,3.446215085895018,2,"{'changepoint_prior_scale': 0.001, 'seasonality_prior_scale': 1}",1.4462150858950178
00052000707779,8.342465824818143,1,"{'changepoint_prior_scale': 0.01, 'seasonality_prior_scale': 0.1}",7.342465824818143
00068274346613,1.2250629865867582,1,"{'changepoint_prior_scale': 0.01, 'seasonality_prior_scale': 1}",0.22506298658675816
00070847000037,8.993731089802601,7,"{'changepoint_prior_scale': 0.001, 'seasonality_prior_scale': 0.1}",1.9937310898026013
00070847000303,4.470044812322792,1,"{'changepoint_prior_scale': 0.001, 'seasonality_prior_scale': 0.1}",3.470044812322792
00070847003229,3.561983763641415,4,"{'changepoint_prior_scale': 0.001, 'seasonality_prior_scale': 1}",0.4380162363585849
00070847012474,32.083999327619935,17,"{'changepoint_prior_scale': 0.01, 'seasonality_prior_scale': 1}",15.083999327619935
00070847016205,5.0099200000155495,3,"{'changepoint_prior_scale': 0.001, 'seasonality_prior_scale': 0.1}",2.0099200000155495
00070847017554,16.1294933290778,22,"{'changepoint_prior_scale': 0.05, 'seasonality_prior_scale': 1}",5.8705066709222
00070847017707,8.70118465056825,4,"{'changepoint_prior_scale': 0.05, 'seasonality_prior_scale': 0.1}",4.7011846505682495
00070847020905,5.971008712287702,2,"{'changepoint_prior_scale': 0.01, 'seasonality_prior_scale': 0.1}",3.971008712287702
00070847021520,5.879792819953844,1,"{'changepoint_prior_scale': 0.01, 'seasonality_prior_scale': 1}",4.879792819953844
00070847022909,15.244320189288805,7,"{'changepoint_prior_scale': 0.05, 'seasonality_prior_scale': 0.1}",8.244320189288805
00070847024026,2.5226516377959083,1,"{'changepoint_prior_scale': 0.01, 'seasonality_prior_scale': 0.1}",1.5226516377959083
00070847027324,7.136197045240685,3,"{'changepoint_prior_scale': 0.001, 'seasonality_prior_scale': 0.1}",4.136197045240685
00070847029014,14.925971039256282,2,"{'changepoint_prior_scale': 0.001, 'seasonality_prior_scale': 1}",12.925971039256282
00070847031918,6.8725552062421675,5,"{'changepoint_prior_scale': 0.05, 'seasonality_prior_scale': 0.1}",1.8725552062421675
00070847033080,6.400528604673391,3,"{'changepoint_prior_scale': 0.01, 'seasonality_prior_scale': 0.1}",3.400528604673391
00070847034629,7.473629853671573,5,"{'changepoint_prior_scale': 0.001, 'seasonality_prior_scale': 0.1}",2.4736298536715733
00070847034643,9.136541346926002,1,"{'changepoint_prior_scale': 0.01, 'seasonality_prior_scale': 0.1}",8.136541346926002
00070847034780,1.0,1,"{'changepoint_prior_scale': 0.001, 'seasonality_prior_scale': 0.1}",0.0
00070847035107,1.0,1,"{'changepoint_prior_scale': 0.001, 'seasonality_prior_scale': 0.1}",0.0
00070847036920,9.083458594756653,15,"{'changepoint_prior_scale': 0.001, 'seasonality_prior_scale': 1}",5.916541405243347
00070847036944,5.529366545994951,2,"{'changepoint_prior_scale': 0.01, 'seasonality_prior_scale': 0.1}",3.529366545994951
00070847037545,4.551706592181389,3,"{'changepoint_prior_scale': 0.01, 'seasonality_prior_scale': 0.1}",1.5517065921813886
00070847037750,8.139018627346703,1,"{'changepoint_prior_scale': 0.05, 'seasonality_prior_scale': 0.1}",7.139018627346703
00070847037804,11.370136754495276,4,"{'changepoint_prior_scale': 0.05, 'seasonality_prior_scale': 0.1}",7.370136754495276
00070847037828,5.708486887854679,2,"{'changepoint_prior_scale': 0.001, 'seasonality_prior_scale': 0.1}",3.7084868878546793
00070847037989,6.770332050263511,7,"{'changepoint_prior_scale': 0.01, 'seasonality_prior_scale': 0.1}",0.22966794973648863
00070847038122,0.0,1,,
00070847038146,1.075182130501092,1,"{'changepoint_prior_scale': 0.01, 'seasonality_prior_scale': 1}",0.07518213050109201
00070847038160,1.7513988652105381,1,"{'changepoint_prior_scale': 0.05, 'seasonality_prior_scale': 0.1}",0.7513988652105381
00070847038184,3.0504567164857352,2,"{'changepoint_prior_scale': 0.05, 'seasonality_prior_scale': 0.1}",1.0504567164857352
00070847038207,1.8352175837111957,1,"{'changepoint_prior_scale': 0.001, 'seasonality_prior_scale': 1}",0.8352175837111957
00070847038269,3.220931224748225,1,"{'changepoint_prior_scale': 0.001, 'seasonality_prior_scale': 0.1}",2.220931224748225
00070847038283,1.3404248547501216,2,"{'changepoint_prior_scale': 0.01, 'seasonality_prior_scale': 0.1}",0.6595751452498784
00070847038436,1.754708305597572,2,"{'changepoint_prior_scale': 0.05, 'seasonality_prior_scale': 0.1}",0.24529169440242793
00070847811169,18.435379815778248,17,"{'changepoint_prior_scale': 0.01, 'seasonality_prior_scale': 1}",1.4353798157782478
00070847811244,7.497961360607945,3,"{'changepoint_prior_scale': 0.001, 'seasonality_prior_scale': 0.1}",4.497961360607945
00070847811268,6.547488848657681,2,"{'changepoint_prior_scale': 0.05, 'seasonality_prior_scale': 0.1}",4.547488848657681
00070847812517,3.818157330293166,2,"{'changepoint_prior_scale': 0.001, 'seasonality_prior_scale': 0.1}",1.818157330293166
00070847812609,3.95215998469938,2,"{'changepoint_prior_scale': 0.001, 'seasonality_prior_scale': 1}",1.9521599846993798
00070847812715,3.9930220818595856,3,"{'changepoint_prior_scale': 0.01, 'seasonality_prior_scale': 0.1}",0.9930220818595856
00070847819509,5.4063450725753786,1,"{'changepoint_prior_scale': 0.001, 'seasonality_prior_scale': 0.1}",4.4063450725753786
00070847890805,4.754535267327828,3,"{'changepoint_prior_scale': 0.01, 'seasonality_prior_scale': 1}",1.754535267327828
00070847891857,10.787248257162148,15,"{'changepoint_prior_scale': 0.05, 'seasonality_prior_scale': 0.1}",4.2127517428378525
00070847891901,3.529957502449709,1,"{'changepoint_prior_scale': 0.05, 'seasonality_prior_scale': 0.1}",2.529957502449709
00070847891963,4.024697600874418,1,"{'changepoint_prior_scale': 0.001, 'seasonality_prior_scale': 1}",3.0246976008744184
00070847894087,0.5668925628630059,1,"{'changepoint_prior_scale': 0.05, 'seasonality_prior_scale': 0.1}",0.43310743713699407
00071142000050,1.265853335178667,4,"{'changepoint_prior_scale': 0.05, 'seasonality_prior_scale': 0.1}",2.734146664821333
00071142000067,2.8462722748228075,2,"{'changepoint_prior_scale': 0.05, 'seasonality_prior_scale': 0.1}",0.8462722748228075
00071142008582,5.372152828741164,6,"{'changepoint_prior_scale': 0.001, 'seasonality_prior_scale': 1}",0.6278471712588356
00071142334162,1.3747878961692614,1,"{'changepoint_prior_scale': 0.05, 'seasonality_prior_scale': 0.1}",0.37478789616926145
00071142643370,13.0160369712124,1,"{'changepoint_prior_scale': 0.05, 'seasonality_prior_scale': 0.1}",12.0160369712124
00071464240400,1.0,3,"{'changepoint_prior_scale': 0.001, 'seasonality_prior_scale': 0.1}",2.0
00071464280406,0.0,1,,
00071464301507,0.0,1,,
00071464309503,0.0,1,,
00071537042511,0.0,1,,
00071537042573,0.0,9,,
00071537042580,0.0,9,,
00075140005154,8.208275224700227,1,"{'changepoint_prior_scale': 0.001, 'seasonality_prior_scale': 0.1}",7.208275224700227
00078000000283,9.475847941636587,1,"{'changepoint_prior_scale': 0.01, 'seasonality_prior_scale': 0.1}",8.475847941636587
00078000000344,1.4290574265597296,1,"{'changepoint_prior_scale': 0.001, 'seasonality_prior_scale': 1}",0.42905742655972956
00078000000382,1.502586251623842,1,"{'changepoint_prior_scale': 0.001, 'seasonality_prior_scale': 0.1}",0.502586251623842
00078000000757,1.0,1,"{'changepoint_prior_scale': 0.001, 'seasonality_prior_scale': 0.1}",0.0
00078000001617,7.0689586712242845,3,"{'changepoint_prior_scale': 0.01, 'seasonality_prior_scale': 0.1}",4.0689586712242845
00078000001624,3.749091469011236,3,"{'changepoint_prior_scale': 0.01, 'seasonality_prior_scale': 0.1}",0.749091469011236
00078000001877,2.525627434256293,1,"{'changepoint_prior_scale': 0.001, 'seasonality_prior_scale': 0.1}",1.5256274342562932
00078000003154,7.087252844439739,3,"{'changepoint_prior_scale': 0.001, 'seasonality_prior_scale': 0.1}",4.087252844439739
00078000005547,2.8212001066616934,1,"{'changepoint_prior_scale': 0.01, 'seasonality_prior_scale': 0.1}",1.8212001066616934
00078000005868,7.509100023629312,2,"{'changepoint_prior_scale': 0.001, 'seasonality_prior_scale': 0.1}",5.509100023629312
00078000011807,2.1224875566233004,1,"{'changepoint_prior_scale': 0.05, 'seasonality_prior_scale': 0.1}",1.1224875566233004
00078000016406,15.549100611355353,8,"{'changepoint_prior_scale': 0.01, 'seasonality_prior_scale': 1}",7.549100611355353
00078000018400,7.669983536881837,2,"{'changepoint_prior_scale': 0.01, 'seasonality_prior_scale': 1}",5.669983536881837
00078000033519,5.500546566706935,3,"{'changepoint_prior_scale': 0.001, 'seasonality_prior_scale': 0.1}",2.5005465667069346
00078000035308,3.738948540332407,5,"{'changepoint_prior_scale': 0.001, 'seasonality_prior_scale': 0.1}",1.261051459667593
00078000035407,0.0,2,,
00078000035445,4.892162946429504,3,"{'changepoint_prior_scale': 0.01, 'seasonality_prior_scale': 0.1}",1.8921629464295036
00078000037678,2.638531973637569,1,"{'changepoint_prior_scale': 0.01, 'seasonality_prior_scale': 1}",1.6385319736375692
00078000052169,0.9822998682366456,1,"{'changepoint_prior_scale': 0.001, 'seasonality_prior_scale': 0.1}",0.017700131763354388
00078000052404,11.044857372313306,11,"{'changepoint_prior_scale': 0.05, 'seasonality_prior_scale': 1}",0.04485737231330589
00078000052459,7.513241650766076,1,"{'changepoint_prior_scale': 0.001, 'seasonality_prior_scale': 0.1}",6.513241650766076
00078000052466,1.5800678646938624,3,"{'changepoint_prior_scale': 0.001, 'seasonality_prior_scale': 1}",1.4199321353061376
00078000053401,4.446750844061616,2,"{'changepoint_prior_scale': 0.001, 'seasonality_prior_scale': 0.1}",2.446750844061616
00078000054408,4.882693222200791,4,"{'changepoint_prior_scale': 0.001, 'seasonality_prior_scale': 0.1}",0.8826932222007908
00078000082166,1.8132733240288692,1,"{'changepoint_prior_scale': 0.001, 'seasonality_prior_scale': 1}",0.8132733240288692
00078000082401,18.57222496444685,7,"{'changepoint_prior_scale': 0.01, 'seasonality_prior_scale': 0.1}",11.57222496444685
00078000082456,7.504538757652135,3,"{'changepoint_prior_scale': 0.05, 'seasonality_prior_scale': 0.1}",4.504538757652135
00078000082463,3.5386140052558064,1,"{'changepoint_prior_scale': 0.05, 'seasonality_prior_scale': 0.1}",2.5386140052558064
00078000083163,2.0320345020069195,1,"{'changepoint_prior_scale': 0.001, 'seasonality_prior_scale': 0.1}",1.0320345020069195
00078000083408,9.918161930117405,1,"{'changepoint_prior_scale': 0.01, 'seasonality_prior_scale': 0.1}",8.918161930117405
00078000083453,3.7928295906386915,1,"{'changepoint_prior_scale': 0.001, 'seasonality_prior_scale': 1}",2.7928295906386915
00078000090567,5.925953951095926,3,"{'changepoint_prior_scale': 0.01, 'seasonality_prior_scale': 0.1}",2.9259539510959263
00078000098402,1.0,1,"{'changepoint_prior_scale': 0.001, 'seasonality_prior_scale': 0.1}",0.0
00078000113167,0.8337837024564719,1,"{'changepoint_prior_scale': 0.01, 'seasonality_prior_scale': 0.1}",0.16621629754352807
00078000113402,5.660517328870849,3,"{'changepoint_prior_scale': 0.001, 'seasonality_prior_scale': 0.1}",2.6605173288708492
00078000113457,2.2065006938104026,2,"{'changepoint_prior_scale': 0.01, 'seasonality_prior_scale': 0.1}",0.2065006938104026
00078000152401,2.8684505003715257,1,"{'changepoint_prior_scale': 0.01, 'seasonality_prior_scale': 1}",1.8684505003715257
00078000152456,2.8745216419043085,1,"{'changepoint_prior_scale': 0.001, 'seasonality_prior_scale': 0.1}",1.8745216419043085
00078000153453,3.0036029719279886,3,"{'changepoint_prior_scale': 0.05, 'seasonality_prior_scale': 1}",0.0036029719279886407
00078000156461,0.0,1,,
00079298000054,4.486168512827329,1,"{'changepoint_prior_scale': 0.05, 'seasonality_prior_scale': 0.1}",3.486168512827329
00079298000078,7.099728123487607,2,"{'changepoint_prior_scale': 0.05, 'seasonality_prior_scale': 0.1}",5.099728123487607
00079298200034,3.426082044706182,2,"{'changepoint_prior_scale': 0.01, 'seasonality_prior_scale': 0.1}",1.426082044706182
00079298400113,3.479837248040306,3,"{'changepoint_prior_scale': 0.05, 'seasonality_prior_scale': 0.1}",0.4798372480403059
00079373000139,4.9856465189566315,1,"{'changepoint_prior_scale': 0.01, 'seasonality_prior_scale': 0.1}",3.9856465189566315
00079373000313,5.746756964930853,2,"{'changepoint_prior_scale': 0.01, 'seasonality_prior_scale': 1}",3.746756964930853
00079373000344,4.892978421369106,1,"{'changepoint_prior_scale': 0.05, 'seasonality_prior_scale': 0.1}",3.892978421369106
00079373000375,4.91764622263144,1,"{'changepoint_prior_scale': 0.01, 'seasonality_prior_scale': 0.1}",3.91764622263144
00079581184003,2.0551173753578764,1,"{'changepoint_prior_scale': 0.001, 'seasonality_prior_scale': 0.1}",1.0551173753578764
00079581184010,3.599889512977935,2,"{'changepoint_prior_scale': 0.001, 'seasonality_prior_scale': 0.1}",1.599889512977935
00079581184027,2.6021973910884815,1,"{'changepoint_prior_scale': 0.001, 'seasonality_prior_scale': 0.1}",1.6021973910884815
00079581184034,3.3465408535651218,1,"{'changepoint_prior_scale': 0.001, 'seasonality_prior_scale': 1}",2.3465408535651218
00079581184041,3.1001964258974963,1,"{'changepoint_prior_scale': 0.01, 'seasonality_prior_scale': 0.1}",2.1001964258974963
00079581184058,2.272387523436858,3,"{'changepoint_prior_scale': 0.001, 'seasonality_prior_scale': 1}",0.727612476563142
00079581188001,0.9937637254329785,1,"{'changepoint_prior_scale': 0.01, 'seasonality_prior_scale': 1}",0.006236274567021471
00082592011084,0.0,1,,
00082592194152,1.6486145316188985,2,"{'changepoint_prior_scale': 0.01, 'seasonality_prior_scale': 0.1}",0.3513854683811015
00082592660152,0.0,1,,
00082592720153,1.593670716070136,1,"{'changepoint_prior_scale': 0.001, 'seasonality_prior_scale': 0.1}",0.593670716070136
00082592727152,1.7735199387262175,1,"{'changepoint_prior_scale': 0.001, 'seasonality_prior_scale': 0.1}",0.7735199387262175
00082592988157,2.2865400296990406,3,"{'changepoint_prior_scale': 0.01, 'seasonality_prior_scale': 1}",0.7134599703009594
00083900005757,4.897988502916746,1,"{'changepoint_prior_scale': 0.05, 'seasonality_prior_scale': 0.1}",3.8979885029167463
00083900005771,3.6223650440088,2,"{'changepoint_prior_scale': 0.001, 'seasonality_prior_scale': 0.1}",1.6223650440088
00083900005979,2.061551698732578,1,"{'changepoint_prior_scale': 0.001, 'seasonality_prior_scale': 0.1}",1.0615516987325782
00090478331003,4.70908216950207,1,"{'changepoint_prior_scale': 0.01, 'seasonality_prior_scale': 0.1}",3.7090821695020697
00090478410012,3.819651235605839,4,"{'changepoint_prior_scale': 0.05, 'seasonality_prior_scale': 0.1}",0.1803487643941608
00090478410043,3.6558613600302525,3,"{'changepoint_prior_scale': 0.05, 'seasonality_prior_scale': 0.1}",0.6558613600302525
00090478410050,1.9631248000886814,2,"{'changepoint_prior_scale': 0.01, 'seasonality_prior_scale': 1}",0.0368751999113186
00090478410081,3.237850597117944,3,"{'changepoint_prior_scale': 0.001, 'seasonality_prior_scale': 0.1}",0.23785059711794387
00090478410098,2.3973173008836657,1,"{'changepoint_prior_scale': 0.01, 'seasonality_prior_scale': 0.1}",1.3973173008836657
00090478410104,2.364593094121937,2,"{'changepoint_prior_scale': 0.001, 'seasonality_prior_scale': 0.1}",0.3645930941219371
00090478410166,2.4721201827879993,2,"{'changepoint_prior_scale': 0.001, 'seasonality_prior_scale': 0.1}",0.4721201827879993
00098100100096,0.3933436994633279,1,"{'changepoint_prior_scale': 0.01, 'seasonality_prior_scale': 0.1}",0.6066563005366721
00098100100119,1.347951798971636,1,"{'changepoint_prior_scale': 0.001, 'seasonality_prior_scale': 0.1}",0.3479517989716361
00185073000031,4.651095615508423,1,"{'changepoint_prior_scale': 0.01, 'seasonality_prior_scale': 0.1}",3.6510956155084227
00185073000048,8.014821463844669,8,"{'changepoint_prior_scale': 0.01, 'seasonality_prior_scale': 1}",0.01482146384466887
00185073000062,6.260823860986193,2,"{'changepoint_prior_scale': 0.05, 'seasonality_prior_scale': 0.1}",4.260823860986193
00606316010209,19.171100538196047,21,"{'changepoint_prior_scale': 0.05, 'seasonality_prior_scale': 0.1}",1.8288994618039531
00606316010339,21.99731752438696,6,"{'changepoint_prior_scale': 0.05, 'seasonality_prior_scale': 0.1}",15.997317524386961
00606316014238,5.306513973528665,8,"{'changepoint_prior_scale': 0.001, 'seasonality_prior_scale': 1}",2.6934860264713354
00606316241696,6.435979953470532,1,"{'changepoint_prior_scale': 0.05, 'seasonality_prior_scale': 0.1}",5.435979953470532
00610764028495,4.775650859001141,2,"{'changepoint_prior_scale': 0.001, 'seasonality_prior_scale': 0.1}",2.775650859001141
00610764030054,3.2506417793801017,3,"{'changepoint_prior_scale': 0.05, 'seasonality_prior_scale': 0.1}",0.2506417793801017
00610764863775,2.0851159655044205,2,"{'changepoint_prior_scale': 0.01, 'seasonality_prior_scale': 1}",0.08511596550442047
00610764863812,7.35006814564968,6,"{'changepoint_prior_scale': 0.001, 'seasonality_prior_scale': 1}",1.3500681456496801
00611269000979,3.0184709897926165,1,"{'changepoint_prior_scale': 0.001, 'seasonality_prior_scale': 0.1}",2.0184709897926165
00611269001013,4.786613018772536,1,"{'changepoint_prior_scale': 0.05, 'seasonality_prior_scale': 1}",3.7866130187725364
00611269001280,5.157372105426754,1,"{'changepoint_prior_scale': 0.01, 'seasonality_prior_scale': 1}",4.157372105426754
00611269001402,19.034484888761202,13,"{'changepoint_prior_scale': 0.05, 'seasonality_prior_scale': 0.1}",6.034484888761202
00611269001624,10.195949673092292,11,"{'changepoint_prior_scale': 0.01, 'seasonality_prior_scale': 1}",0.8040503269077082
00611269001648,13.86617477906937,6,"{'changepoint_prior_scale': 0.05, 'seasonality_prior_scale': 0.1}",7.86617477906937
00611269001723,7.905126899845918,1,"{'changepoint_prior_scale': 0.05, 'seasonality_prior_scale': 0.1}",6.905126899845918
00611269001730,7.277122948020615,2,"{'changepoint_prior_scale': 0.01, 'seasonality_prior_scale': 0.1}",5.277122948020615
00611269101713,6.1677279813568635,3,"{'changepoint_prior_scale': 0.01, 'seasonality_prior_scale': 1}",3.1677279813568635
00611269108026,0.8392911455072086,1,"{'changepoint_prior_scale': 0.01, 'seasonality_prior_scale': 0.1}",0.16070885449279138
00611269109009,1.6823274828864645,1,"{'changepoint_prior_scale': 0.05, 'seasonality_prior_scale': 0.1}",0.6823274828864645
00611269113570,11.035744718041776,1,"{'changepoint_prior_scale': 0.01, 'seasonality_prior_scale': 1}",10.035744718041776
00611269133448,6.275854899203376,8,"{'changepoint_prior_scale': 0.01, 'seasonality_prior_scale': 0.1}",1.7241451007966244
00611269133455,3.5272674259142445,3,"{'changepoint_prior_scale': 0.001, 'seasonality_prior_scale': 1}",0.5272674259142445
00611269163452,3.628025854508056,1,"{'changepoint_prior_scale': 0.001, 'seasonality_prior_scale': 1}",2.628025854508056
00611269182460,11.301829129729455,3,"{'changepoint_prior_scale': 0.01, 'seasonality_prior_scale': 0.1}",8.301829129729455
00611269212457,0.0,1,,
00611269235685,5.166339067027407,5,"{'changepoint_prior_scale': 0.01, 'seasonality_prior_scale': 0.1}",0.16633906702740742
00611269281361,9.856985891639125,3,"{'changepoint_prior_scale': 0.01, 'seasonality_prior_scale': 1}",6.856985891639125
00611269283105,11.975508154077897,2,"{'changepoint_prior_scale': 0.05, 'seasonality_prior_scale': 1}",9.975508154077897
00611269321210,21.58544784117167,2,"{'changepoint_prior_scale': 0.001, 'seasonality_prior_scale': 1}",19.58544784117167
00611269331240,3.4215837213138407,4,"{'changepoint_prior_scale': 0.01, 'seasonality_prior_scale': 0.1}",0.5784162786861593
00611269332827,1.3266987458093684,4,"{'changepoint_prior_scale': 0.001, 'seasonality_prior_scale': 1}",2.6733012541906316
00611269333572,4.408862830398096,2,"{'changepoint_prior_scale': 0.05, 'seasonality_prior_scale': 0.1}",2.408862830398096
00611269402186,0.0,1,,
00611269546019,0.21409040669070123,2,"{'changepoint_prior_scale': 0.001, 'seasonality_prior_scale': 1}",1.7859095933092988
00611269546026,3.21822400342446,1,"{'changepoint_prior_scale': 0.01, 'seasonality_prior_scale': 0.1}",2.21822400342446
00611269623727,1.2694480418890859,3,"{'changepoint_prior_scale': 0.05, 'seasonality_prior_scale': 0.1}",1.7305519581109141
00611269623734,4.476080340011405,1,"{'changepoint_prior_scale': 0.001, 'seasonality_prior_scale': 1}",3.4760803400114053
00611269716467,10.286633409429559,3,"{'changepoint_prior_scale': 0.001, 'seasonality_prior_scale': 1}",7.286633409429559
00611269818994,22.820974272844516,17,"{'changepoint_prior_scale': 0.001, 'seasonality_prior_scale': 1}",5.820974272844516
00611269991000,9.878360889578659,4,"{'changepoint_prior_scale': 0.001, 'seasonality_prior_scale': 1}",5.8783608895786585
00613008715267,0.7477010836872261,1,"{'changepoint_prior_scale': 0.001, 'seasonality_prior_scale': 0.1}",0.2522989163127739
00613008717711,5.480647686524718,3,"{'changepoint_prior_scale': 0.001, 'seasonality_prior_scale': 0.1}",2.4806476865247182
00613008718763,5.115320854433605,5,"{'changepoint_prior_scale': 0.001, 'seasonality_prior_scale': 0.1}",0.11532085443360529
00613008719302,3.57530456522149,1,"{'changepoint_prior_scale': 0.001, 'seasonality_prior_scale': 0.1}",2.57530456522149
00613008720209,3.569947857854308,1,"{'changepoint_prior_scale': 0.001, 'seasonality_prior_scale': 1}",2.569947857854308
00613008722395,11.930873473051332,2,"{'changepoint_prior_scale': 0.01, 'seasonality_prior_scale': 0.1}",9.930873473051332
00613008725778,1.7434524953327413,1,"{'changepoint_prior_scale': 0.001, 'seasonality_prior_scale': 0.1}",0.7434524953327413
00613008728571,1.2899955928256799,1,"{'changepoint_prior_scale': 0.001, 'seasonality_prior_scale': 0.1}",0.2899955928256799
00613008731434,5.508448954987424,1,"{'changepoint_prior_scale': 0.01, 'seasonality_prior_scale': 0.1}",4.508448954987424
00613008735012,6.478535208708322,1,"{'changepoint_prior_scale': 0.05, 'seasonality_prior_scale': 0.1}",5.478535208708322
00613008735159,2.747031884692386,2,"{'changepoint_prior_scale': 0.01, 'seasonality_prior_scale': 0.1}",0.7470318846923858
00613008735418,3.574165530312522,1,"{'changepoint_prior_scale': 0.001, 'seasonality_prior_scale': 0.1}",2.574165530312522
00613008735432,3.3544873421943096,4,"{'changepoint_prior_scale': 0.001, 'seasonality_prior_scale': 0.1}",0.6455126578056904
00613008735470,4.867663941616694,4,"{'changepoint_prior_scale': 0.001, 'seasonality_prior_scale': 0.1}",0.8676639416166942
00613008756420,3.488166228787432,1,"{'changepoint_prior_scale': 0.001, 'seasonality_prior_scale': 1}",2.488166228787432
00613008756437,2.4326397587453163,1,"{'changepoint_prior_scale': 0.001, 'seasonality_prior_scale': 0.1}",1.4326397587453163
00613008756451,4.346574367844779,3,"{'changepoint_prior_scale': 0.05, 'seasonality_prior_scale': 1}",1.346574367844779
00613008756468,5.048524273318289,1,"{'changepoint_prior_scale': 0.001, 'seasonality_prior_scale': 0.1}",4.048524273318289
00613008756475,4.982222434028104,3,"{'changepoint_prior_scale': 0.001, 'seasonality_prior_scale': 0.1}",1.9822224340281043
00613008756482,6.822155242701198,4,"{'changepoint_prior_scale': 0.001, 'seasonality_prior_scale': 1}",2.822155242701198
00613008756499,3.8814984719648096,1,"{'changepoint_prior_scale': 0.001, 'seasonality_prior_scale': 0.1}",2.8814984719648096
00613008756505,2.0936232686120215,1,"{'changepoint_prior_scale': 0.001, 'seasonality_prior_scale': 1}",1.0936232686120215
00632432708775,8.995701849246961,6,"{'changepoint_prior_scale': 0.001, 'seasonality_prior_scale': 0.1}",2.995701849246961
00632432737775,6.768304543291062,1,"{'changepoint_prior_scale': 0.001, 'seasonality_prior_scale': 1}",5.768304543291062
00632432757773,15.611735678122482,7,"{'changepoint_prior_scale': 0.001, 'seasonality_prior_scale': 0.1}",8.611735678122482
00632565000012,3.2502318553958864,1,"{'changepoint_prior_scale': 0.05, 'seasonality_prior_scale': 0.1}",2.2502318553958864
00632565000029,5.511700882055995,3,"{'changepoint_prior_scale': 0.01, 'seasonality_prior_scale': 0.1}",2.5117008820559947
00632565000036,5.9889552796112975,2,"{'changepoint_prior_scale': 0.001, 'seasonality_prior_scale': 0.1}",3.9889552796112975
00632565000654,4.4183636794604855,1,"{'changepoint_prior_scale': 0.01, 'seasonality_prior_scale': 1}",3.4183636794604855
00657227000339,2.8164180937115364,2,"{'changepoint_prior_scale': 0.001, 'seasonality_prior_scale': 0.1}",0.8164180937115364
00704982301017,3.2385092088341407,2,"{'changepoint_prior_scale': 0.001, 'seasonality_prior_scale': 0.1}",1.2385092088341407
00704982301024,2.357684679053124,1,"{'changepoint_prior_scale': 0.001, 'seasonality_prior_scale': 1}",1.3576846790531238
00704982301031,3.1690169088568356,3,"{'changepoint_prior_scale': 0.001, 'seasonality_prior_scale': 1}",0.16901690885683562
00704982301048,3.1499868748598185,2,"{'changepoint_prior_scale': 0.05, 'seasonality_prior_scale': 0.1}",1.1499868748598185
00704982301055,4.21369495280228,1,"{'changepoint_prior_scale': 0.001, 'seasonality_prior_scale': 1}",3.21369495280228
00704982301062,3.3847366431991674,5,"{'changepoint_prior_scale': 0.001, 'seasonality_prior_scale': 1}",1.6152633568008326
00704982301079,3.461446254496014,1,"{'changepoint_prior_scale': 0.001, 'seasonality_prior_scale': 0.1}",2.461446254496014
00704982301109,2.146907704589912,2,"{'changepoint_prior_scale': 0.01, 'seasonality_prior_scale': 0.1}",0.14690770458991187
00704982301130,2.2348880373571,2,"{'changepoint_prior_scale': 0.001, 'seasonality_prior_scale': 1}",0.23488803735709984
00719410200015,2.9831402900079844,1,"{'changepoint_prior_scale': 0.001, 'seasonality_prior_scale': 0.1}",1.9831402900079844
00719410500016,6.756176547329203,1,"{'changepoint_prior_scale': 0.001, 'seasonality_prior_scale': 0.1}",5.756176547329203
00719410700010,2.7012442030157517,3,"{'changepoint_prior_scale': 0.05, 'seasonality_prior_scale': 0.1}",0.29875579698424826
00719410720018,1.0,1,"{'changepoint_prior_scale': 0.001, 'seasonality_prior_scale': 0.1}",0.0
00719410730017,2.3893316356510845,2,"{'changepoint_prior_scale': 0.001, 'seasonality_prior_scale': 1}",0.38933163565108453
00719410739003,-0.03616294727461972,2,"{'changepoint_prior_scale': 0.05, 'seasonality_prior_scale': 0.1}",2.0361629472746197
00719410740016,4.048684614625307,2,"{'changepoint_prior_scale': 0.01, 'seasonality_prior_scale': 1}",2.048684614625307
00719410750015,2.1329868498320685,2,"{'changepoint_prior_scale': 0.001, 'seasonality_prior_scale': 0.1}",0.13298684983206854
00719410760014,3.037389918359008,1,"{'changepoint_prior_scale': 0.001, 'seasonality_prior_scale': 0.1}",2.037389918359008
00719410775001,3.880887098741561,2,"{'changepoint_prior_scale': 0.001, 'seasonality_prior_scale': 1}",1.8808870987415611
00719410783006,1.718392372383634,2,"{'changepoint_prior_scale': 0.001, 'seasonality_prior_scale': 0.1}",0.28160762761636593
00719410785000,5.17914242220937,1,"{'changepoint_prior_scale': 0.01, 'seasonality_prior_scale': 1}",4.17914242220937
00719410786007,2.243331701191242,1,"{'changepoint_prior_scale': 0.001, 'seasonality_prior_scale': 0.1}",1.243331701191242
00719410800017,1.2518158333974871,2,"{'changepoint_prior_scale': 0.001, 'seasonality_prior_scale': 0.1}",0.7481841666025129
00786162001511,8.56539959593216,7,"{'changepoint_prior_scale': 0.05, 'seasonality_prior_scale': 0.1}",1.5653995959321598
00786162002969,2.942399878587235,1,"{'changepoint_prior_scale': 0.001, 'seasonality_prior_scale': 1}",1.942399878587235
00786162002976,1.6955726270617029,1,"{'changepoint_prior_scale': 0.05, 'seasonality_prior_scale': 1}",0.6955726270617029
00786162004857,4.059391907323956,2,"{'changepoint_prior_scale': 0.05, 'seasonality_prior_scale': 0.1}",2.059391907323956
00786162004987,2.200831962996152,1,"{'changepoint_prior_scale': 0.05, 'seasonality_prior_scale': 0.1}",1.2008319629961521
00786162005311,1.1698072673416964,2,"{'changepoint_prior_scale': 0.001, 'seasonality_prior_scale': 0.1}",0.8301927326583036
00786162006103,0.0,1,,
00786162006127,4.634269127040055,8,"{'changepoint_prior_scale': 0.001, 'seasonality_prior_scale': 1}",3.3657308729599453
00786162006226,1.9199261372598118,1,"{'changepoint_prior_scale': 0.01, 'seasonality_prior_scale': 1}",0.9199261372598118
00786162010001,2.996331429378004,1,"{'changepoint_prior_scale': 0.05, 'seasonality_prior_scale': 0.1}",1.996331429378004
00786162070005,1.4241969769743865,1,"{'changepoint_prior_scale': 0.001, 'seasonality_prior_scale': 1}",0.4241969769743865
00786162080004,5.245133674356058,1,"{'changepoint_prior_scale': 0.001, 'seasonality_prior_scale': 0.1}",4.245133674356058
00786162150004,2.8709007525736228,2,"{'changepoint_prior_scale': 0.001, 'seasonality_prior_scale': 1}",0.8709007525736228
00786162338006,7.079708182643916,4,"{'changepoint_prior_scale': 0.05, 'seasonality_prior_scale': 0.1}",3.079708182643916
00786162410740,3.105610747310304,2,"{'changepoint_prior_scale': 0.01, 'seasonality_prior_scale': 0.1}",1.1056107473103038
00786162411167,0.6510069090176458,1,"{'changepoint_prior_scale': 0.05, 'seasonality_prior_scale': 0.1}",0.3489930909823542
00786162411341,2.772012957283665,1,"{'changepoint_prior_scale': 0.05, 'seasonality_prior_scale': 0.1}",1.772012957283665
00786162411365,3.19763615092838,1,"{'changepoint_prior_scale': 0.05, 'seasonality_prior_scale': 0.1}",2.19763615092838
00810019263224,2.088189942853295,2,"{'changepoint_prior_scale': 0.001, 'seasonality_prior_scale': 0.1}",0.08818994285329484
00810019263231,1.980253517379369,1,"{'changepoint_prior_scale': 0.001, 'seasonality_prior_scale': 0.1}",0.9802535173793689
00810019268243,2.0008098497524816,2,"{'changepoint_prior_scale': 0.05, 'seasonality_prior_scale': 0.1}",0.0008098497524815507
00810028292581,7.323283338939504,1,"{'changepoint_prior_scale': 0.01, 'seasonality_prior_scale': 0.1}",6.323283338939504
00810028293281,7.585197537137054,5,"{'changepoint_prior_scale': 0.01, 'seasonality_prior_scale': 0.1}",2.585197537137054
00810028293298,5.128162291021224,5,"{'changepoint_prior_scale': 0.01, 'seasonality_prior_scale': 0.1}",0.12816229102122367
00810028295988,8.136843925983522,4,"{'changepoint_prior_scale': 0.001, 'seasonality_prior_scale': 0.1}",4.136843925983522
00810028298941,8.459808632749168,3,"{'changepoint_prior_scale': 0.001, 'seasonality_prior_scale': 1}",5.4598086327491675
00810030511052,0.0,1,,
00810085812180,8.834119637100976,3,"{'changepoint_prior_scale': 0.001, 'seasonality_prior_scale': 1}",5.834119637100976
00810085812203,10.94552960920332,5,"{'changepoint_prior_scale': 0.001, 'seasonality_prior_scale': 0.1}",5.945529609203319
00810085816898,0.0,11,,
00810113830131,2.9005444322478917,2,"{'changepoint_prior_scale': 0.01, 'seasonality_prior_scale': 0.1}",0.9005444322478917
00810113830148,0.6773107470728523,1,"{'changepoint_prior_scale': 0.001, 'seasonality_prior_scale': 0.1}",0.3226892529271477
00810113830155,3.3696616269566873,4,"{'changepoint_prior_scale': 0.01, 'seasonality_prior_scale': 1}",0.6303383730433127
00810113830230,2.837929377324066,1,"{'changepoint_prior_scale': 0.001, 'seasonality_prior_scale': 0.1}",1.8379293773240661
00810113830247,2.541941837085683,1,"{'changepoint_prior_scale': 0.001, 'seasonality_prior_scale': 1}",1.541941837085683
00810113830254,1.0,2,"{'changepoint_prior_scale': 0.001, 'seasonality_prior_scale': 0.1}",1.0
00810119703330,2.587850342658962,8,"{'changepoint_prior_scale': 0.05, 'seasonality_prior_scale': 1}",5.412149657341038
00810119703347,0.8700237756711773,1,"{'changepoint_prior_scale': 0.001, 'seasonality_prior_scale': 0.1}",0.12997622432882272
00810128520065,20.644676271423425,5,"{'changepoint_prior_scale': 0.001, 'seasonality_prior_scale': 0.1}",15.644676271423425
00811620021951,6.33275352744181,3,"{'changepoint_prior_scale': 0.001, 'seasonality_prior_scale': 0.1}",3.3327535274418096
00813694023428,2.21580401449195,3,"{'changepoint_prior_scale': 0.001, 'seasonality_prior_scale': 0.1}",0.7841959855080498
00813694023466,2.8476502971660578,1,"{'changepoint_prior_scale': 0.01, 'seasonality_prior_scale': 1}",1.8476502971660578
00813694023640,2.984196495084655,3,"{'changepoint_prior_scale': 0.05, 'seasonality_prior_scale': 1}",0.0158035049153451
00813694025057,2.7323706699280823,2,"{'changepoint_prior_scale': 0.01, 'seasonality_prior_scale': 1}",0.7323706699280823
00813694025569,3.7441700662267294,1,"{'changepoint_prior_scale': 0.05, 'seasonality_prior_scale': 0.1}",2.7441700662267294
00815154020008,4.657643448163913,2,"{'changepoint_prior_scale': 0.01, 'seasonality_prior_scale': 0.1}",2.6576434481639133
00815154020077,2.974803566577395,1,"{'changepoint_prior_scale': 0.001, 'seasonality_prior_scale': 0.1}",1.9748035665773949
00815154020091,2.0050424443381263,2,"{'changepoint_prior_scale': 0.05, 'seasonality_prior_scale': 0.1}",0.005042444338126284
00815154020183,5.0360717654548885,5,"{'changepoint_prior_scale': 0.05, 'seasonality_prior_scale': 0.1}",0.03607176545488855
00815154020237,2.4867871742432595,2,"{'changepoint_prior_scale': 0.001, 'seasonality_prior_scale': 1}",0.48678717424325946
00815154020961,3.1438462808177414,2,"{'changepoint_prior_scale': 0.001, 'seasonality_prior_scale': 0.1}",1.1438462808177414
00815154021500,0.9979226854462122,1,"{'changepoint_prior_scale': 0.05, 'seasonality_prior_scale': 0.1}",0.00207731455378779
00815154021647,4.087663607580684,2,"{'changepoint_prior_scale': 0.001, 'seasonality_prior_scale': 1}",2.0876636075806836
00815154021661,8.14899264843546,2,"{'changepoint_prior_scale': 0.01, 'seasonality_prior_scale': 0.1}",6.14899264843546
00815154021906,10.179591925681406,8,"{'changepoint_prior_scale': 0.001, 'seasonality_prior_scale': 0.1}",2.1795919256814056
00815154022118,5.524008440091366,2,"{'changepoint_prior_scale': 0.05, 'seasonality_prior_scale': 0.1}",3.5240084400913663
00815154023245,4.227546225797715,4,"{'changepoint_prior_scale': 0.05, 'seasonality_prior_scale': 0.1}",0.227546225797715
00815154023269,9.710784595154706,1,"{'changepoint_prior_scale': 0.01, 'seasonality_prior_scale': 1}",8.710784595154706
00815154023405,4.792227842311165,3,"{'changepoint_prior_scale': 0.01, 'seasonality_prior_scale': 0.1}",1.7922278423111653
00815154024822,4.74616038913485,1,"{'changepoint_prior_scale': 0.01, 'seasonality_prior_scale': 0.1}",3.7461603891348503
00815154025454,5.05015633533115,1,"{'changepoint_prior_scale': 0.001, 'seasonality_prior_scale': 1}",4.05015633533115
00815154025485,1.6332866709602107,1,"{'changepoint_prior_scale': 0.001, 'seasonality_prior_scale': 1}",0.6332866709602107
00815154025515,4.079282379386047,1,"{'changepoint_prior_scale': 0.001, 'seasonality_prior_scale': 1}",3.079282379386047
00815154025546,4.239072494204276,2,"{'changepoint_prior_scale': 0.01, 'seasonality_prior_scale': 0.1}",2.239072494204276
00815154025911,3.7786990969443286,2,"{'changepoint_prior_scale': 0.05, 'seasonality_prior_scale': 1}",1.7786990969443286
00818094000147,5.126884564913922,4,"{'changepoint_prior_scale': 0.001, 'seasonality_prior_scale': 1}",1.1268845649139223
00818094000154,1.2775677633084035,1,"{'changepoint_prior_scale': 0.05, 'seasonality_prior_scale': 0.1}",0.2775677633084035
00818094003049,1.9393069564454217,1,"{'changepoint_prior_scale': 0.001, 'seasonality_prior_scale': 0.1}",0.9393069564454217
00818094004954,4.354621216479287,2,"{'changepoint_prior_scale': 0.05, 'seasonality_prior_scale': 0.1}",2.354621216479287
00818094004978,5.64177477136361,1,"{'changepoint_prior_scale': 0.001, 'seasonality_prior_scale': 1}",4.64177477136361
00818094004992,6.9101444801337495,1,"{'changepoint_prior_scale': 0.01, 'seasonality_prior_scale': 1}",5.9101444801337495
00818094005746,7.500499098929562,5,"{'changepoint_prior_scale': 0.001, 'seasonality_prior_scale': 0.1}",2.500499098929562
00818094005753,10.387668486922134,1,"{'changepoint_prior_scale': 0.001, 'seasonality_prior_scale': 1}",9.387668486922134
00818094005760,1.8904315464224648,2,"{'changepoint_prior_scale': 0.001, 'seasonality_prior_scale': 1}",0.1095684535775352
00818094005777,14.841912736535825,7,"{'changepoint_prior_scale': 0.05, 'seasonality_prior_scale': 0.1}",7.841912736535825
00818094005784,15.706982182781307,3,"{'changepoint_prior_scale': 0.01, 'seasonality_prior_scale': 1}",12.706982182781307
00818094005791,16.69381544747564,11,"{'changepoint_prior_scale': 0.05, 'seasonality_prior_scale': 1}",5.6938154474756395
00818094005807,10.601924886504086,5,"{'changepoint_prior_scale': 0.01, 'seasonality_prior_scale': 1}",5.6019248865040865
00818094005814,9.567002285638754,1,"{'changepoint_prior_scale': 0.05, 'seasonality_prior_scale': 1}",8.567002285638754
00818094005821,7.03769161154108,1,"{'changepoint_prior_scale': 0.01, 'seasonality_prior_scale': 0.1}",6.03769161154108
00818094005838,8.656685575016624,2,"{'changepoint_prior_scale': 0.001, 'seasonality_prior_scale': 0.1}",6.656685575016624
00818094005852,3.4490573775301003,3,"{'changepoint_prior_scale': 0.01, 'seasonality_prior_scale': 0.1}",0.44905737753010033
00818094005883,10.850669364695573,6,"{'changepoint_prior_scale': 0.05, 'seasonality_prior_scale': 0.1}",4.850669364695573
00818094005890,14.529473495839415,1,"{'changepoint_prior_scale': 0.01, 'seasonality_prior_scale': 0.1}",13.529473495839415
00818094005906,8.814063454158221,2,"{'changepoint_prior_scale': 0.01, 'seasonality_prior_scale': 1}",6.814063454158221
00818094005913,2.428514993782966,1,"{'changepoint_prior_scale': 0.001, 'seasonality_prior_scale': 0.1}",1.428514993782966
00818094005920,3.658136706507107,1,"{'changepoint_prior_scale': 0.001, 'seasonality_prior_scale': 0.1}",2.658136706507107
00818094005937,7.391311913926663,2,"{'changepoint_prior_scale': 0.01, 'seasonality_prior_scale': 0.1}",5.391311913926663
00818094005944,5.818883693176099,2,"{'changepoint_prior_scale': 0.001, 'seasonality_prior_scale': 0.1}",3.818883693176099
00818094006507,7.811905638688056,3,"{'changepoint_prior_scale': 0.05, 'seasonality_prior_scale': 0.1}",4.811905638688056
00818094008280,9.81791554861708,4,"{'changepoint_prior_scale': 0.001, 'seasonality_prior_scale': 1}",5.81791554861708
00818094008587,7.353261431700246,5,"{'changepoint_prior_scale': 0.001, 'seasonality_prior_scale': 1}",2.353261431700246
00818094008600,5.191654324030923,2,"{'changepoint_prior_scale': 0.05, 'seasonality_prior_scale': 1}",3.1916543240309228
00818094008730,6.045155148888926,6,"{'changepoint_prior_scale': 0.01, 'seasonality_prior_scale': 0.1}",0.045155148888926355
00818094008754,11.17814913442026,4,"{'changepoint_prior_scale': 0.01, 'seasonality_prior_scale': 1}",7.178149134420259
00818094009713,3.5438088327019095,3,"{'changepoint_prior_scale': 0.001, 'seasonality_prior_scale': 0.1}",0.5438088327019095
00818094009737,3.987754870040432,2,"{'changepoint_prior_scale': 0.001, 'seasonality_prior_scale': 0.1}",1.987754870040432
00818094009751,1.9692898634328242,2,"{'changepoint_prior_scale': 0.001, 'seasonality_prior_scale': 0.1}",0.030710136567175805
00818094009775,2.5713247996394237,7,"{'changepoint_prior_scale': 0.05, 'seasonality_prior_scale': 1}",4.428675200360576
00818094009980,6.1786942918078935,2,"{'changepoint_prior_scale': 0.001, 'seasonality_prior_scale': 1}",4.1786942918078935
00842595106572,1.0527931007615288,1,"{'changepoint_prior_scale': 0.001, 'seasonality_prior_scale': 0.1}",0.052793100761528766
00842595106596,6.6764017743354795,1,"{'changepoint_prior_scale': 0.001, 'seasonality_prior_scale': 1}",5.6764017743354795
00842595106619,4.818699397385407,1,"{'changepoint_prior_scale': 0.001, 'seasonality_prior_scale': 0.1}",3.818699397385407
00842595109542,4.5821995935339395,4,"{'changepoint_prior_scale': 0.01, 'seasonality_prior_scale': 0.1}",0.5821995935339395
00842595112849,2.8883262326968544,2,"{'changepoint_prior_scale': 0.01, 'seasonality_prior_scale': 0.1}",0.8883262326968544
00842595116243,3.933477001823489,2,"{'changepoint_prior_scale': 0.05, 'seasonality_prior_scale': 0.1}",1.9334770018234888
00842595116274,4.2208889111492285,3,"{'changepoint_prior_scale': 0.05, 'seasonality_prior_scale': 0.1}",1.2208889111492285
00842595121650,2.7437681928608524,2,"{'changepoint_prior_scale': 0.001, 'seasonality_prior_scale': 1}",0.7437681928608524
00842595126198,5.446367077505532,5,"{'changepoint_prior_scale': 0.01, 'seasonality_prior_scale': 1}",0.4463670775055322
00850009942258,0.0,1,,
00850009942265,2.963951077237284,1,"{'changepoint_prior_scale': 0.01, 'seasonality_prior_scale': 0.1}",1.963951077237284
00850009942272,2.770673300624436,1,"{'changepoint_prior_scale': 0.01, 'seasonality_prior_scale': 0.1}",1.770673300624436
00850009942357,2.6383845854225183,3,"{'changepoint_prior_scale': 0.001, 'seasonality_prior_scale': 1}",0.3616154145774817
00850009942432,3.65151996335955,4,"{'changepoint_prior_scale': 0.01, 'seasonality_prior_scale': 0.1}",0.34848003664045013
00850009942456,3.857140577517237,3,"{'changepoint_prior_scale': 0.001, 'seasonality_prior_scale': 0.1}",0.8571405775172369
00850041914169,4.576406729977298,3,"{'changepoint_prior_scale': 0.01, 'seasonality_prior_scale': 0.1}",1.5764067299772977
00852311004006,3.274091156562992,9,"{'changepoint_prior_scale': 0.05, 'seasonality_prior_scale': 1}",5.725908843437008
00852311004013,6.569896054042639,2,"{'changepoint_prior_scale': 0.01, 'seasonality_prior_scale': 0.1}",4.569896054042639
00852311004020,2.8711913557450206,2,"{'changepoint_prior_scale': 0.001, 'seasonality_prior_scale': 1}",0.8711913557450206
00852311004037,2.4111735106092356,1,"{'changepoint_prior_scale': 0.001, 'seasonality_prior_scale': 0.1}",1.4111735106092356
00852311004051,3.11986020379505,3,"{'changepoint_prior_scale': 0.001, 'seasonality_prior_scale': 0.1}",0.1198602037950498
00852311004273,4.978811536986536,1,"{'changepoint_prior_scale': 0.001, 'seasonality_prior_scale': 0.1}",3.9788115369865356
00853303007005,8.11868124906308,5,"{'changepoint_prior_scale': 0.001, 'seasonality_prior_scale': 1}",3.11868124906308
00853311003587,2.4905572680047587,1,"{'changepoint_prior_scale': 0.001, 'seasonality_prior_scale': 0.1}",1.4905572680047587
00853311003600,1.794697914187664,2,"{'changepoint_prior_scale': 0.05, 'seasonality_prior_scale': 0.1}",0.205302085812336
00853311003655,3.4551785389497445,1,"{'changepoint_prior_scale': 0.05, 'seasonality_prior_scale': 0.1}",2.4551785389497445
00854050008826,4.348001694015406,1,"{'changepoint_prior_scale': 0.001, 'seasonality_prior_scale': 0.1}",3.348001694015406
00854050008840,6.770218247049312,2,"{'changepoint_prior_scale': 0.05, 'seasonality_prior_scale': 0.1}",4.770218247049312
00854050008864,3.969450342586729,3,"{'changepoint_prior_scale': 0.05, 'seasonality_prior_scale': 0.1}",0.9694503425867289
00857416006191,2.3498872876883405,3,"{'changepoint_prior_scale': 0.001, 'seasonality_prior_scale': 1}",0.6501127123116595
00858176002300,3.7479621969583663,1,"{'changepoint_prior_scale': 0.01, 'seasonality_prior_scale': 0.1}",2.7479621969583663
00858176002317,5.245271067659665,8,"{'changepoint_prior_scale': 0.05, 'seasonality_prior_scale': 0.1}",2.754728932340335
00858176002324,2.932375280790621,2,"{'changepoint_prior_scale': 0.001, 'seasonality_prior_scale': 0.1}",0.9323752807906209
00858176002331,3.033783962349857,1,"{'changepoint_prior_scale': 0.001, 'seasonality_prior_scale': 0.1}",2.033783962349857
00858176002546,1.3006629928079008,1,"{'changepoint_prior_scale': 0.05, 'seasonality_prior_scale': 0.1}",0.30066299280790076
00858176002560,0.0,1,,
00858176002584,3.111893618192144,2,"{'changepoint_prior_scale': 0.001, 'seasonality_prior_scale': 0.1}",1.111893618192144
00858176002836,4.634398719274214,3,"{'changepoint_prior_scale': 0.01, 'seasonality_prior_scale': 0.1}",1.6343987192742144
00858176002843,3.3526866051507103,2,"{'changepoint_prior_scale': 0.01, 'seasonality_prior_scale': 0.1}",1.3526866051507103
00860000023900,9.614924137900841,7,"{'changepoint_prior_scale': 0.001, 'seasonality_prior_scale': 0.1}",2.614924137900841
00860000023924,3.2792243858816694,1,"{'changepoint_prior_scale': 0.05, 'seasonality_prior_scale': 0.1}",2.2792243858816694
00860785000455,3.408296111458374,2,"{'changepoint_prior_scale': 0.001, 'seasonality_prior_scale': 0.1}",1.408296111458374
00876063002011,3.409513817982371,1,"{'changepoint_prior_scale': 0.001, 'seasonality_prior_scale': 0.1}",2.409513817982371
00876063002028,1.3693168338959525,1,"{'changepoint_prior_scale': 0.001, 'seasonality_prior_scale': 0.1}",0.3693168338959525
00876063002806,3.4479221290751,3,"{'changepoint_prior_scale': 0.001, 'seasonality_prior_scale': 0.1}",0.4479221290751001
00876063002813,2.1889126539260415,1,"{'changepoint_prior_scale': 0.01, 'seasonality_prior_scale': 0.1}",1.1889126539260415
00876063007160,1.3800537927712657,1,"{'changepoint_prior_scale': 0.001, 'seasonality_prior_scale': 1}",0.3800537927712657
00876063811705,2.983569489777503,1,"{'changepoint_prior_scale': 0.001, 'seasonality_prior_scale': 1}",1.9835694897775031
00876063811910,3.8666170856378903,1,"{'changepoint_prior_scale': 0.001, 'seasonality_prior_scale': 1}",2.8666170856378903
00876063811927,3.378678531574395,1,"{'changepoint_prior_scale': 0.01, 'seasonality_prior_scale': 0.1}",2.378678531574395
00876063811965,3.503909723661014,3,"{'changepoint_prior_scale': 0.05, 'seasonality_prior_scale': 0.1}",0.5039097236610139
00876063811972,2.7928896569310147,1,"{'changepoint_prior_scale': 0.001, 'seasonality_prior_scale': 0.1}",1.7928896569310147
00876063811989,1.9800841754377432,2,"{'changepoint_prior_scale': 0.05, 'seasonality_prior_scale': 1}",0.019915824562256823
00883315090269,3.8918068964263375,4,"{'changepoint_prior_scale': 0.001, 'seasonality_prior_scale': 0.1}",0.10819310357366252
00883315090276,5.589996202016566,3,"{'changepoint_prior_scale': 0.05, 'seasonality_prior_scale': 0.1}",2.5899962020165663
00883315090283,4.571113450774171,1,"{'changepoint_prior_scale': 0.05, 'seasonality_prior_scale': 0.1}",3.5711134507741713
00883315090306,5.214140070130922,6,"{'changepoint_prior_scale': 0.05, 'seasonality_prior_scale': 1}",0.785859929869078
00883990651205,6.7489406448756,1,"{'changepoint_prior_scale': 0.001, 'seasonality_prior_scale': 0.1}",5.7489406448756
00883990661006,6.865245274482785,1,"{'changepoint_prior_scale': 0.001, 'seasonality_prior_scale': 0.1}",5.865245274482785
00883990661846,5.026337327381543,1,"{'changepoint_prior_scale': 0.001, 'seasonality_prior_scale': 0.1}",4.026337327381543
00883990681219,1.711197044116926,1,"{'changepoint_prior_scale': 0.001, 'seasonality_prior_scale': 1}",0.711197044116926
00889392000313,3.7033750969632306,2,"{'changepoint_prior_scale': 0.001, 'seasonality_prior_scale': 0.1}",1.7033750969632306
00889392000320,4.659218320387713,2,"{'changepoint_prior_scale': 0.01, 'seasonality_prior_scale': 0.1}",2.659218320387713
00889392000597,2.643618606922926,8,"{'changepoint_prior_scale': 0.05, 'seasonality_prior_scale': 0.1}",5.356381393077074
00889392000757,6.548391070116046,2,"{'changepoint_prior_scale': 0.01, 'seasonality_prior_scale': 0.1}",4.548391070116046
00889392000917,2.4512729011303382,1,"{'changepoint_prior_scale': 0.05, 'seasonality_prior_scale': 1}",1.4512729011303382
00889392003628,0.0,1,,
00889392010145,3.373476439345521,5,"{'changepoint_prior_scale': 0.01, 'seasonality_prior_scale': 1}",1.626523560654479
00889392010190,4.838869445812317,1,"{'changepoint_prior_scale': 0.001, 'seasonality_prior_scale': 1}",3.8388694458123167
00889392021318,0.0,2,,
00889392021394,3.8800416192518496,2,"{'changepoint_prior_scale': 0.001, 'seasonality_prior_scale': 0.1}",1.8800416192518496
00889392021417,5.394858169806405,4,"{'changepoint_prior_scale': 0.001, 'seasonality_prior_scale': 1}",1.3948581698064046
00889392021431,2.6821483087475055,1,"{'changepoint_prior_scale': 0.01, 'seasonality_prior_scale': 0.1}",1.6821483087475055
00889392021455,3.000001016433936,4,"{'changepoint_prior_scale': 0.001, 'seasonality_prior_scale': 0.1}",0.9999989835660639
